<?xml version="1.0" encoding="UTF-8"?>
<root>
  <item name="android.support.transition.Transition void setMatchOrder(int...) 0">
    <annotation name="android.support.annotation.IntDef">
      <val name="value" val="{android.support.transition.Transition.MATCH_INSTANCE, android.support.transition.Transition.MATCH_NAME, android.support.transition.Transition.MATCH_ID, android.support.transition.Transition.MATCH_ITEM_ID}" />
    </annotation>
  </item>
  <item name="android.support.transition.Transition.MatchOrder">
    <annotation name="android.support.annotation.IntDef">
      <val name="value" val="{android.support.transition.Transition.MATCH_INSTANCE, android.support.transition.Transition.MATCH_NAME, android.support.transition.Transition.MATCH_ID, android.support.transition.Transition.MATCH_ITEM_ID}" />
    </annotation>
  </item>
</root>

